 FIRST NAME/MIDDLE NAME/SURNAME, YOUR AGE, FEMALE/MALE, BARANGAY/CITY/PROVINCE,09*********, juandelacruz@gmail.com, FIRST NAME/MIDDLE NAME/SURNAME," MOTHER/FATHER/SISTER,ETC.", 09*********, juandelacruz@gmail.com,2,4,,,,,,,,,no
 FIRST NAME/MIDDLE NAME/SURNAME, YOUR AGE, FEMALE/MALE, BARANGAY/CITY/PROVINCE,09*********, juandelacruz@gmail.com, FIRST NAME/MIDDLE NAME/SURNAME," MOTHER/FATHER/SISTER,ETC.", 09*********, juandelacruz@gmail.com,4,4,,,,1,1,1,,,no
 FIRST NAME/MIDDLE NAME/SURNAME, YOUR AGE, FEMALE/MALE, BARANGAY/CITY/PROVINCE,09*********, juandelacruz@gmail.com, FIRST NAME/MIDDLE NAME/SURNAME," MOTHER/FATHER/SISTER,ETC.", 09*********, juandelacruz@gmail.com,4,4,,,,1,1,1,,,no
 FIRST NAME/MIDDLE NAME/SURNAME, YOUR AGE, FEMALE/MALE, BARANGAY/CITY/PROVINCE,09*********, juandelacruz@gmail.com, FIRST NAME/MIDDLE NAME/SURNAME," MOTHER/FATHER/SISTER,ETC.", 09*********, juandelacruz@gmail.com,2,4,,,,,,,,,no
 FIRST NAME/MIDDLE NAME/SURNAME, YOUR AGE, FEMALE/MALE, BARANGAY/CITY/PROVINCE,09*********, juandelacruz@gmail.com, FIRST NAME/MIDDLE NAME/SURNAME," MOTHER/FATHER/SISTER,ETC.", 09*********, juandelacruz@gmail.com,2,4,,,,,,,,,no
 FIRST NAME/MIDDLE NAME/SURNAME, YOUR AGE, FEMALE/MALE, BARANGAY/CITY/PROVINCE,09*********, juandelacruz@gmail.com, FIRST NAME/MIDDLE NAME/SURNAME," MOTHER/FATHER/SISTER,ETC.", 09*********, juandelacruz@gmail.com,2,4,,,,,,,,,no
 FIRST NAME/MIDDLE NAME/SURNAME, YOUR AGE, FEMALE/MALE, BARANGAY/CITY/PROVINCE,09*********, juandelacruz@gmail.com, FIRST NAME/MIDDLE NAME/SURNAME," MOTHER/FATHER/SISTER,ETC.", 09*********, juandelacruz@gmail.com,2,4,,,,,,,,,no
 FIRST NAME/MIDDLE NAME/SURNAME, YOUR AGE, FEMALE/MALE, BARANGAY/CITY/PROVINCE,09*********, juandelacruz@gmail.com, FIRST NAME/MIDDLE NAME/SURNAME," MOTHER/FATHER/SISTER,ETC.", 09*********, juandelacruz@gmail.com,,,,,,,,,,,
 FIRST NAME/MIDDLE NAME/SURNAME, YOUR AGE, FEMALE/MALE, BARANGAY/CITY/PROVINCE,09*********, juandelacruz@gmail.com, FIRST NAME/MIDDLE NAME/SURNAME," MOTHER/FATHER/SISTER,ETC.", 09*********, juandelacruz@gmail.com,,,,,,,,,,,
 FIRST NAME/MIDDLE NAME/SURNAME, YOUR AGE, FEMALE/MALE, BARANGAY/CITY/PROVINCE,09*********, juandelacruz@gmail.com, FIRST NAME/MIDDLE NAME/SURNAME," MOTHER/FATHER/SISTER,ETC.", 09*********, juandelacruz@gmail.com,,,,,,,,,,,
 FIRST NAME/MIDDLE NAME/SURNAME, YOUR AGE, FEMALE/MALE, BARANGAY/CITY/PROVINCE,09*********, juandelacruz@gmail.com, FIRST NAME/MIDDLE NAME/SURNAME," MOTHER/FATHER/SISTER,ETC.", 09*********, juandelacruz@gmail.com,,,,,,,,,,,
 FIRST NAME/MIDDLE NAME/SURNAME, YOUR AGE, FEMALE/MALE, BARANGAY/CITY/PROVINCE,09*********, juandelacruz@gmail.com, FIRST NAME/MIDDLE NAME/SURNAME," MOTHER/FATHER/SISTER,ETC.", 09*********, juandelacruz@gmail.com,,,,,,,,,,,
 FIRST NAME/MIDDLE NAME/SURNAME, YOUR AGE, FEMALE/MALE, BARANGAY/CITY/PROVINCE,09*********, juandelacruz@gmail.com, FIRST NAME/MIDDLE NAME/SURNAME," MOTHER/FATHER/SISTER,ETC.", 09*********, juandelacruz@gmail.com,,,,,,,,,,,
 FIRST NAME/MIDDLE NAME/SURNAME, YOUR AGE, FEMALE/MALE, BARANGAY/CITY/PROVINCE,09*********, juandelacruz@gmail.com, FIRST NAME/MIDDLE NAME/SURNAME," MOTHER/FATHER/SISTER,ETC.", 09*********, juandelacruz@gmail.com,,,,,,,,,,,
 FIRST NAME/MIDDLE NAME/SURNAME, YOUR AGE, FEMALE/MALE, BARANGAY/CITY/PROVINCE,09*********, juandelacruz@gmail.com, FIRST NAME/MIDDLE NAME/SURNAME," MOTHER/FATHER/SISTER,ETC.", 09*********, juandelacruz@gmail.com,,,,,,,,,,,
 FIRST NAME/MIDDLE NAME/SURNAME, YOUR AGE, FEMALE/MALE, BARANGAY/CITY/PROVINCE,09*********, juandelacruz@gmail.com, FIRST NAME/MIDDLE NAME/SURNAME," MOTHER/FATHER/SISTER,ETC.", 09*********, juandelacruz@gmail.com,,,,,,,,,,,
 FIRST NAME/MIDDLE NAME/SURNAME, YOUR AGE, FEMALE/MALE, BARANGAY/CITY/PROVINCE,09*********, juandelacruz@gmail.com, FIRST NAME/MIDDLE NAME/SURNAME," MOTHER/FATHER/SISTER,ETC.", 09*********, juandelacruz@gmail.com,,,,,,,,,,,
 FIRST NAME/MIDDLE NAME/SURNAME, YOUR AGE, FEMALE/MALE, BARANGAY/CITY/PROVINCE,09*********, juandelacruz@gmail.com, FIRST NAME/MIDDLE NAME/SURNAME," MOTHER/FATHER/SISTER,ETC.", 09*********, juandelacruz@gmail.com,,,,,,,,,,,
 FIRST NAME/MIDDLE NAME/SURNAME, YOUR AGE, FEMALE/MALE, BARANGAY/CITY/PROVINCE,09*********, juandelacruz@gmail.com, FIRST NAME/MIDDLE NAME/SURNAME," MOTHER/FATHER/SISTER,ETC.", 09*********, juandelacruz@gmail.com,,,,,,,,,,,
 FIRST NAME/MIDDLE NAME/SURNAME, YOUR AGE, FEMALE/MALE, BARANGAY/CITY/PROVINCE,09*********, juandelacruz@gmail.com, FIRST NAME/MIDDLE NAME/SURNAME," MOTHER/FATHER/SISTER,ETC.", 09*********, juandelacruz@gmail.com,,,,,,,,,,,
 FIRST NAME/MIDDLE NAME/SURNAME, YOUR AGE, FEMALE/MALE, BARANGAY/CITY/PROVINCE,09*********, juandelacruz@gmail.com, FIRST NAME/MIDDLE NAME/SURNAME," MOTHER/FATHER/SISTER,ETC.", 09*********, juandelacruz@gmail.com,,,,,,,,,,,
 FIRST NAME/MIDDLE NAME/SURNAME, YOUR AGE, FEMALE/MALE, BARANGAY/CITY/PROVINCE,09*********, juandelacruz@gmail.com, FIRST NAME/MIDDLE NAME/SURNAME," MOTHER/FATHER/SISTER,ETC.", 09*********, juandelacruz@gmail.com,,,,,,,,,,,
 FIRST NAME/MIDDLE NAME/SURNAME, YOUR AGE, FEMALE/MALE, BARANGAY/CITY/PROVINCE,09*********, juandelacruz@gmail.com, FIRST NAME/MIDDLE NAME/SURNAME," MOTHER/FATHER/SISTER,ETC.", 09*********, juandelacruz@gmail.com,,,,,,,,,,,
